{
    "K": [
        [
            321.4718933105469,
            0.0,
            314.5159606933594
        ],
        [
            0.0,
            428.1765671226349,
            245.3955761610141
        ],
        [
            0.0,
            0.0,
            1.0
        ]
    ],
    "P": [
        [
            321.4718933105469,
            0.0,
            314.5159606933594,
            0.0
        ],
        [
            0.0,
            428.1765671226349,
            245.3955761610141,
            0.0
        ],
        [
            0.0,
            0.0,
            1.0,
            0.0
        ]
    ],
    "h": 480,
    "w": 640
}