{
    "K": [
        304.8309898376465,
        0.0,
        321.4954376220703,
        0.0,
        304.7464942932129,
        240.54256439208984,
        0.0,
        0.0,
        1.0
    ],
    "P": [
        304.8309898376465,
        0.0,
        321.4954376220703,
        0.0,
        0.0,
        304.7464942932129,
        240.54256439208984,
        0.0,
        0.0,
        0.0,
        1.0,
        0.0
    ],
    "h": 480,
    "w": 640
}