{
    "K": [
        [
            596.6603506762515,
            0.0,
            320.2973195591946
        ],
        [
            0.0,
            593.5877643524634,
            230.4314254332526
        ],
        [
            0.0,
            0.0,
            1.0
        ]
    ],
    "P": [
        [
            582.4468994140625,
            0.0,
            319.8022447458061,
            0.0
        ],
        [
            0.0,
            582.9462890625,
            229.7220607696509,
            0.0
        ],
        [
            0.0,
            0.0,
            1.0,
            0.0
        ]
    ],
    "h": 480,
    "w": 640
}