{
    "K": [
        [
            321.7340087890625,
            0.0,
            314.5159606933594
        ],
        [
            0.0,
            428.5256475366841,
            245.3955761610141
        ],
        [
            0.0,
            0.0,
            1.0
        ]
    ],
    "P": [
        [
            321.7340087890625,
            0.0,
            314.5159606933594,
            0.0
        ],
        [
            0.0,
            428.5256475366841,
            245.3955761610141,
            0.0
        ],
        [
            0.0,
            0.0,
            1.0,
            0.0
        ]
    ],
    "h": 480,
    "w": 640
}