{
    "K": [
        385.9759826660156,
        0.0,
        313.4191589355469,
        0.0,
        385.568359375,
        244.85601806640625,
        0.0,
        0.0,
        1.0
    ],
    "P": [
        385.9759826660156,
        0.0,
        313.4191589355469,
        0.0,
        0.0,
        385.568359375,
        244.85601806640625,
        0.0,
        0.0,
        0.0,
        1.0,
        0.0
    ],
    "h": 480,
    "w": 640
}