{
    "K": [
        385.556640625,
        0.0,
        313.4191589355469,
        0.0,
        385.1494445800781,
        244.85601806640625,
        0.0,
        0.0,
        1.0
    ],
    "P": [
        385.556640625,
        0.0,
        313.4191589355469,
        0.0,
        0.0,
        385.1494445800781,
        244.85601806640625,
        0.0,
        0.0,
        0.0,
        1.0,
        0.0
    ],
    "h": 480,
    "w": 640
}