{
    "K": [
        [
            384.4035339355469,
            0.0,
            313.4191589355469
        ],
        [
            0.0,
            383.99755859375,
            244.85601806640625
        ],
        [
            0.0,
            0.0,
            1.0
        ]
    ],
    "P": [
        [
            384.4035339355469,
            0.0,
            313.4191589355469,
            0.0
        ],
        [
            0.0,
            383.99755859375,
            244.85601806640625,
            0.0
        ],
        [
            0.0,
            0.0,
            1.0,
            0.0
        ]
    ],
    "h": 480,
    "w": 640
}