{
    "K": [
        [
            351.60988330841064,
            0.0,
            344.0018320083618
        ],
        [
            0.0,
            624.4241332707825,
            357.8685330272601
        ],
        [
            0.0,
            0.0,
            1.0
        ]
    ],
    "P": [
        [
            351.60988330841064,
            0.0,
            344.0018320083618,
            0.0
        ],
        [
            0.0,
            624.4241332707825,
            357.8685330272601,
            0.0
        ],
        [
            0.0,
            0.0,
            1.0,
            0.0
        ]
    ],
    "h": 700,
    "w": 700
}