{
    "K": [
        [
            386.5000915527344,
            0.0,
            313.4191589355469
        ],
        [
            0.0,
            386.0919189453125,
            244.85601806640625
        ],
        [
            0.0,
            0.0,
            1.0
        ]
    ],
    "P": [
        [
            386.5000915527344,
            0.0,
            313.4191589355469,
            0.0
        ],
        [
            0.0,
            386.0919189453125,
            244.85601806640625,
            0.0
        ],
        [
            0.0,
            0.0,
            1.0,
            0.0
        ]
    ],
    "h": 480,
    "w": 640
}