{
    "K": [
        [
            502.70938873291016,
            0.0,
            491.431188583374
        ],
        [
            0.0,
            446.3808525194472,
            255.6203744651648
        ],
        [
            0.0,
            0.0,
            1.0
        ]
    ],
    "P": [
        [
            502.70938873291016,
            0.0,
            491.431188583374,
            0.0
        ],
        [
            0.0,
            446.3808525194472,
            255.6203744651648,
            0.0
        ],
        [
            0.0,
            0.0,
            1.0,
            0.0
        ]
    ],
    "h": 500,
    "w": 1000
}