{
    "K": [
        384.8228454589844,
        0.0,
        313.4191589355469,
        0.0,
        384.41644287109375,
        244.85601806640625,
        0.0,
        0.0,
        1.0
    ],
    "P": [
        384.8228454589844,
        0.0,
        313.4191589355469,
        0.0,
        0.0,
        384.41644287109375,
        244.85601806640625,
        0.0,
        0.0,
        0.0,
        1.0,
        0.0
    ],
    "h": 480,
    "w": 640
}