{
    "object_name": "box1",
    "position": [
        -0.0030532784294337034,
        0.02614497020840645,
        0.3801269233226776
    ],
    "rotation": [
        -0.5918796685795756,
        -0.3185920217325025,
        0.6766003864855198,
        0.3006484635220557
    ]
}