{
    "object_name": "box1",
    "position": [
        0.059022847563028336,
        -0.07990124821662903,
        0.4462498724460602
    ],
    "rotation": [
        -0.4820561923049879,
        -0.35743020093631367,
        0.7496579330081293,
        0.279067128836455
    ]
}