{
    "object_name": "box1_1",
    "position": [
        0.022287074476480484,
        -0.006717638578265905,
        0.3975430727005005
    ],
    "rotation": [
        -0.6840399905903134,
        -0.27727888586274524,
        0.5826394897090941,
        0.34020131651633106
    ]
}