{
    "object_name": "box1_3",
    "position": [
        -0.024399377405643463,
        0.006109429523348808,
        0.385863333940506
    ],
    "rotation": [
        -0.7440375943622061,
        -0.2473307924220845,
        0.5038721129283044,
        0.3624202410306724
    ]
}