{
    "object_name": "box1_1",
    "position": [
        -0.055839549750089645,
        0.12013410776853561,
        0.42939522862434387
    ],
    "rotation": [
        -0.6745891358381263,
        -0.10520276631333374,
        0.7248760848608952,
        0.0917416882661978
    ]
}