{
    "object_name": "box1",
    "position": [
        0.039854519069194794,
        0.02485705353319645,
        0.4670127332210541
    ],
    "rotation": [
        0.025409356045116863,
        0.6972541121660504,
        0.6723060578524227,
        0.24737750962413643
    ]
}