{
    "object_name": "box1_1",
    "position": [
        0.02253619395196438,
        -0.005906645208597183,
        0.3993958830833435
    ],
    "rotation": [
        -0.6853317804646161,
        -0.2761124294577475,
        0.5823160093844523,
        0.3391022592061369
    ]
}