{
    "object_name": "box1_2",
    "position": [
        0.04190581291913986,
        -0.01544210221618414,
        0.39951691031455994
    ],
    "rotation": [
        -0.49589344583309886,
        0.3631798266525651,
        -0.7471335670394932,
        0.25294571926646825
    ]
}