{
    "object_name": "box1_1",
    "position": [
        0.022107776254415512,
        -0.005813967902213335,
        0.3984020948410034
    ],
    "rotation": [
        -0.6831418157638159,
        -0.2794838984471657,
        0.5803236878506117,
        0.34413722173452427
    ]
}