{
    "object_name": "box1",
    "position": [
        0.05993720516562462,
        -0.03809693083167076,
        0.41591882705688477
    ],
    "rotation": [
        -0.6908152552729202,
        -0.2546445520581407,
        0.5652238915638483,
        0.37209190745666265
    ]
}