{
    "object_name": "box1_2",
    "position": [
        0.04132523387670517,
        -0.014165463857352734,
        0.3990212380886078
    ],
    "rotation": [
        -0.4944431099789615,
        0.3614956192529827,
        -0.7491523031914742,
        0.25222560313763703
    ]
}