{
    "object_name": "box1_3",
    "position": [
        -0.024718670174479485,
        -0.07187694311141968,
        0.41752907633781433
    ],
    "rotation": [
        -0.5917940392547372,
        -0.3641085520584863,
        0.6531433522606009,
        0.3010125226933579
    ]
}