{
    "object_name": "box1",
    "position": [
        0.02322348952293396,
        0.00157865637447685,
        0.3924567401409149
    ],
    "rotation": [
        0.6751654324393331,
        0.01831063498456841,
        -0.7366294400076039,
        0.03454602147214688
    ]
}