{
    "object_name": "box1",
    "position": [
        -0.003137269988656044,
        0.02618652768433094,
        0.3817727565765381
    ],
    "rotation": [
        -0.5921841561627756,
        -0.3192193280360568,
        0.6757136268210646,
        0.3013769074204463
    ]
}