{
    "object_name": "box1",
    "position": [
        -0.002807962941005826,
        0.026592493057250977,
        0.38131827116012573
    ],
    "rotation": [
        -0.5923100965356326,
        -0.3182312282152481,
        0.6765825933405635,
        0.30022263292283935
    ]
}