{
    "object_name": "box1",
    "position": [
        -0.002613315125927329,
        0.04238114133477211,
        0.39303937554359436
    ],
    "rotation": [
        -0.9844303692747275,
        -0.027870497217714497,
        0.16919406062576778,
        0.038645223293768426
    ]
}