{
    "object_name": "box1",
    "position": [
        0.06019367277622223,
        -0.03910908102989197,
        0.41663363575935364
    ],
    "rotation": [
        -0.6919044723983386,
        -0.2523250231302644,
        0.5661206306705766,
        0.37028058996744156
    ]
}