{
    "object_name": "box1",
    "position": [
        0.060269251465797424,
        -0.039333660155534744,
        0.4166375398635864
    ],
    "rotation": [
        -0.6916484861780504,
        -0.25431383420464515,
        0.5643594181466541,
        0.3720823732037212
    ]
}