{
    "object_name": "box1_1",
    "position": [
        0.04284616559743881,
        -0.016706116497516632,
        0.40491294860839844
    ],
    "rotation": [
        -0.5016538902274068,
        0.360243088454186,
        -0.7440243295921852,
        0.25494330470831633
    ]
}