{
    "object_name": "box1",
    "position": [
        -0.07546298950910568,
        -0.010649887844920158,
        0.4491899907588959
    ],
    "rotation": [
        -0.29764723297929335,
        0.24537875302813547,
        0.5299172092793448,
        0.7552371439301164
    ]
}