{
    "object_name": "box1_3_1",
    "position": [
        -0.10575295239686966,
        -0.05973624810576439,
        0.34998542070388794
    ],
    "rotation": [
        -0.1664536013919321,
        0.7370631434049714,
        -0.15280684959458685,
        0.6369310700025682
    ]
}