{
    "object_name": "box1",
    "position": [
        0.04241941124200821,
        -0.02131669595837593,
        0.311418741941452
    ],
    "rotation": [
        -0.33581340286035893,
        0.002264972008070207,
        0.6954976836038708,
        0.6352221662243842
    ]
}