{
    "object_name": "box1_3",
    "position": [
        -0.023447567597031593,
        0.00531286234036088,
        0.3856743276119232
    ],
    "rotation": [
        -0.7489382607968496,
        -0.24610805555302454,
        0.4998509177172401,
        0.3587079126026248
    ]
}