{
    "object_name": "box1_1",
    "position": [
        0.022168302908539772,
        -0.0064224968664348125,
        0.3989222049713135
    ],
    "rotation": [
        -0.6842348531699103,
        -0.2775760352489857,
        0.5823197694925488,
        0.3401145342691938
    ]
}