{
    "object_name": "box1_2",
    "position": [
        0.030073270201683044,
        -0.010329916141927242,
        0.3953077793121338
    ],
    "rotation": [
        -0.6241132231223301,
        0.31179274163081205,
        -0.6532215652741858,
        0.2942270511882638
    ]
}