{
    "object_name": "box1",
    "position": [
        -0.002828957512974739,
        0.02779255248606205,
        0.38046199083328247
    ],
    "rotation": [
        -0.5931001080637988,
        -0.32039467369066665,
        0.6745727108800886,
        0.30088398531867777
    ]
}