{
    "object_name": "box1",
    "position": [
        0.05470834672451019,
        -0.07370814681053162,
        0.44264769554138184
    ],
    "rotation": [
        -0.5669970308206876,
        -0.32195008629041766,
        0.6887277793242483,
        0.3170434591112174
    ]
}