{
    "object_name": "box1_1",
    "position": [
        -0.24056465923786163,
        -0.05320097878575325,
        0.7114185690879822
    ],
    "rotation": [
        -0.16284709588385868,
        0.6777933793143042,
        -0.17526310560025282,
        0.6952408231219195
    ]
}