{
    "object_name": "box1",
    "position": [
        -0.025035804137587547,
        -0.06660299748182297,
        0.4418717920780182
    ],
    "rotation": [
        -0.7194367669045502,
        -0.15258378813056284,
        0.6449614669401621,
        0.20773452334181103
    ]
}