{
    "object_name": "cube",
    "position": [
        0.06706064194440842,
        0.011953185312449932,
        0.38253071904182434
    ],
    "rotation": [
        -0.042394621192556624,
        -0.5504930076622132,
        -0.7835263022581789,
        0.2850380295304021
    ]
}