{
    "object_name": "box1_1",
    "point1": [
        163.550537109375,
        293.2543029785156
    ],
    "point2": [
        302.8598327636719,
        384.5357971191406
    ]
}