{
    "object_name": "box1",
    "point1": [
        103.59249114990234,
        323.62811279296875
    ],
    "point2": [
        239.63816833496094,
        407.6969909667969
    ]
}