{
    "object_name": "box1",
    "point1": [
        133.11166381835938,
        328.124755859375
    ],
    "point2": [
        274.02764892578125,
        419.98516845703125
    ]
}