{
    "object_name": "box1",
    "point1": [
        111.80538940429688,
        324.2415466308594
    ],
    "point2": [
        240.56341552734375,
        398.7684020996094
    ]
}